price,profit0.0,-12250.0
0.01,-12000.0
0.02,-11750.0
0.03,-11500.0
0.04,-11250.0
0.05,-11000.0
0.06,-10750.0
0.07,-10500.0
0.08,-10250.0
0.09,-10000.0
0.1,-9750.0
0.11,-9500.0
0.12,-9250.0
0.13,-9000.0
0.14,-8750.0
0.15,-8500.0
0.16,-8250.0
0.17,-8000.0
0.18,-7750.0
0.19,-7500.0
0.2,-7250.0
0.21,-7000.0
0.22,-6750.0
0.23,-6500.0
0.24,-6250.0
0.25,-6000.0
0.26,-5750.0
0.27,-5500.0
0.28,-5249.999999999999
0.29,-5000.000000000001
0.3,-4750.0
0.31,-4500.0
0.32,-4250.0
0.33,-4000.0
0.34,-3750.0
0.35,-3500.0
0.36,-3250.0
0.37,-3000.0
0.38,-2750.0
0.39,-2500.0
0.4,-2250.0
0.41,-2000.0
0.42,-1750.0
0.43,-1500.0
0.44,-1250.0
0.45,-1000.0
0.46,-750.0
0.47,-500.0
0.48,-250.0
0.49,0.0
0.5,250.0
0.51,500.0
0.52,750.0
0.53,1000.0
0.54,1250.0
0.55,1500.0000000000018
0.56,1750.0000000000018
0.57,1999.9999999999982
0.58,2249.999999999998
0.59,2500.0
0.6,2750.0
0.61,3000.0
0.62,3250.0
0.63,3500.0
0.64,3750.0
0.65,4000.0
0.66,4250.0
0.67,4500.0
0.68,4750.0
0.69,5000.0
0.7,5250.0
0.71,5500.0
0.72,5750.0
0.73,6000.0
0.74,6250.0
0.75,6500.0
0.76,6750.0
0.77,7000.0
0.78,7250.0
0.79,7500.0
0.8,7750.0
0.81,8000.0
0.82,8250.0
0.83,8500.0
0.84,8750.0
0.85,9000.0
0.86,9250.0
0.87,9500.0
0.88,9750.0
0.89,10000.0
0.9,10250.0
0.91,10500.0
0.92,10750.0
0.93,11000.0
0.94,11250.0
0.95,11500.0
0.96,11750.0
0.97,12000.0
0.98,12250.0
0.99,12500.0
1.0,12750.0
1.01,13000.0
1.02,13250.0
1.03,13500.0
1.04,13750.0
1.05,14000.0
1.06,14250.0
1.07,14500.0
1.08,14750.0
1.09,15000.000000000004
1.1,15250.000000000004
1.11,15500.000000000004
1.12,15750.000000000004
1.13,15999.999999999996
1.14,16249.999999999996
1.15,16499.999999999996
1.16,16749.999999999996
1.17,17000.0
1.18,17250.0
1.19,17500.0
1.2,17750.0
1.21,18000.0
1.22,18250.0
1.23,18500.0
1.24,18750.0
1.25,19000.0
1.26,19250.0
1.27,19500.0
1.28,19750.0
1.29,20000.0
1.3,20250.0
1.31,20500.0
1.32,20750.0
1.33,21000.0
1.34,21250.0
1.35,21500.0
1.36,21750.0
1.37,22000.0
1.38,22250.0
1.39,22500.0
1.4,22750.0
1.41,23000.0
1.42,23250.0
1.43,23500.0
1.44,23750.0
1.45,24000.0
1.46,24250.0
1.47,24500.0
1.48,24750.0
1.49,25000.0
1.5,25250.0
1.51,25500.0
1.52,25750.0
1.53,26000.0
1.54,26250.0
1.55,26500.0
1.56,26750.0
1.57,27000.0
1.58,27250.0
1.59,27500.0
1.6,27750.0
1.61,28000.0
1.62,28250.0
1.63,28500.0
1.64,28750.0
1.65,29000.0
1.66,29250.0
1.67,29500.0
1.68,29750.0
1.69,30000.0
1.7,30250.0
1.71,30500.0
1.72,30750.0
1.73,31000.0
1.74,31250.0
1.75,31500.0
1.76,31750.0
1.77,32000.0
1.78,32250.0
1.79,32500.0
1.8,32750.0
1.81,33000.0
1.82,33250.0
1.83,33500.0
1.84,33750.0
1.85,34000.0
1.86,34250.0
1.87,34500.0
1.88,34750.0
1.89,35000.0
1.9,35250.0
1.91,35500.0
1.92,35750.0
1.93,36000.0
1.94,36250.0
1.95,36500.0
1.96,36750.0
1.97,37000.0
1.98,37250.0
1.99,37500.0
2.0,37750.0
2.01,37999.99999999999
2.02,38250.0
2.03,38499.99999999999
2.04,38750.0
2.05,38999.99999999999
2.06,39250.0
2.07,39499.99999999999
2.08,39750.0
2.09,40000.0
2.1,40250.0
2.11,40500.0
2.12,40750.0
2.13,41000.0
2.14,41250.0
2.15,41500.0
2.16,41750.0
2.17,42000.0
2.18,42250.00000000001
2.19,42500.0
2.2,42750.00000000001
2.21,43000.0
2.22,43250.00000000001
2.23,43500.0
2.24,43750.00000000001
2.25,44000.0
2.26,44249.99999999999
2.27,44500.0
2.28,44749.99999999999
2.29,45000.0
2.3,45249.99999999999
2.31,45500.0
2.32,45749.99999999999
2.33,46000.0
2.34,46250.0
2.35,46500.0
2.36,46750.0
2.37,47000.0
2.38,47250.0
2.39,47500.0
2.4,47750.0
2.41,48000.0
2.42,48250.0
2.43,48500.00000000001
2.44,48750.0
2.45,49000.00000000001
2.46,49250.0
2.47,49500.00000000001
2.48,49750.0
2.49,50000.00000000001
2.5,50250.0
2.51,50499.99999999999
2.52,50750.0
2.53,50999.99999999999
2.54,51250.0
2.55,51499.99999999999
2.56,51750.0
2.57,51999.99999999999
2.58,52250.0
2.59,52500.0
2.6,52750.0
2.61,53000.0
2.62,53250.0
2.63,53500.0
2.64,53750.0
2.65,54000.0
2.66,54250.0
2.67,54500.0
2.68,54750.0
2.69,55000.0
2.7,55250.0
2.71,55500.0
2.72,55750.0
2.73,56000.0
2.74,56250.0
2.75,56500.0
2.76,56750.0
2.77,57000.0
2.78,57250.0
2.79,57500.0
2.8,57750.0
2.81,58000.0
2.82,58250.0
2.83,58500.0
2.84,58750.0
2.85,59000.0
2.86,59250.0
2.87,59500.0
2.88,59750.0
2.89,60000.0
2.9,60250.0
2.91,60500.0
2.92,60750.0
2.93,61000.0
2.94,61250.0
2.95,61500.0
2.96,61750.0
2.97,62000.0
2.98,62250.0
2.99,62500.0
3.0,62750.0
3.01,63000.0
3.02,63250.0
3.03,63500.0
3.04,63750.0
3.05,64000.0
3.06,64250.0
3.07,64500.0
3.08,64750.0
3.09,65000.0
3.1,65250.0
3.11,65500.0
3.12,65750.0
3.13,66000.0
3.14,66250.0
3.15,66500.0
3.16,66750.0
3.17,67000.0
3.18,67250.0
3.19,67500.0
3.2,67750.0
3.21,68000.0
3.22,68250.0
3.23,68500.0
3.24,68750.0
3.25,69000.0
3.26,69250.0
3.27,69500.0
3.28,69750.0
3.29,70000.0
3.3,70250.0
3.31,70500.0
3.32,70750.0
3.33,71000.0
3.34,71250.0
3.35,71500.0
3.36,71750.0
3.37,72000.0
3.38,72250.0
3.39,72500.0
3.4,72750.0
3.41,73000.0
3.42,73250.0
3.43,73500.0
3.44,73750.0
3.45,74000.0
3.46,74250.0
3.47,74500.0
3.48,74750.0
3.49,75000.0
3.5,75250.0
3.51,75500.0
3.52,75750.0
3.53,76000.0
3.54,76250.0
3.55,76500.0
3.56,76750.0
3.57,77000.0
3.58,77250.0
3.59,77500.0
3.6,77750.0
3.61,78000.0
3.62,78250.0
3.63,78500.0
3.64,78750.0
3.65,79000.0
3.66,79250.0
3.67,79500.0
3.68,79750.0
3.69,80000.0
3.7,80250.0
3.71,80500.0
3.72,80750.0
3.73,81000.0
3.74,81250.0
3.75,81500.0
3.76,81750.0
3.77,82000.0
3.78,82250.0
3.79,82500.0
3.8,82750.0
3.81,83000.0
3.82,83250.0
3.83,83500.0
3.84,83750.0
3.85,84000.0
3.86,84250.0
3.87,84500.0
3.88,84750.0
3.89,85000.0
3.9,85250.0
3.91,85500.0
3.92,85750.0
3.93,86000.0
3.94,86250.0
3.95,86500.0
3.96,86750.0
3.97,87000.0
3.98,87250.0
3.99,87500.0
4.0,87750.0
4.01,88000.0
4.02,88249.99999999999
4.03,88500.0
4.04,88750.0
4.05,89000.0
4.06,89249.99999999999
4.07,89500.0
4.08,89750.0
4.09,90000.0
4.1,90249.99999999999
4.11,90500.00000000001
4.12,90750.0
4.13,91000.0
4.14,91249.99999999999
4.15,91500.00000000001
4.16,91750.0
4.17,92000.0
4.18,92250.0
4.19,92500.00000000001
4.2,92750.0
4.21,93000.0
4.22,93250.0
4.23,93500.00000000001
4.24,93750.0
4.25,94000.0
4.26,94250.0
4.27,94499.99999999999
4.28,94750.0
4.29,95000.0
4.3,95250.0
4.31,95499.99999999999
4.32,95750.0
4.33,96000.0
4.34,96250.0
4.35,96499.99999999999
4.36,96750.00000000001
4.37,97000.0
4.38,97250.0
4.39,97499.99999999999
4.4,97750.00000000001
4.41,98000.0
4.42,98250.0
4.43,98500.0
4.44,98750.00000000001
4.45,99000.0
4.46,99250.0
4.47,99500.0
4.48,99750.00000000001
4.49,100000.0
4.5,100250.0
4.51,100500.0
4.52,100749.99999999999
4.53,101000.0
4.54,101250.0
4.55,101500.0
4.56,101749.99999999999
4.57,102000.0
4.58,102250.0
4.59,102500.0
4.6,102749.99999999999
4.61,103000.00000000001
4.62,103250.0
4.63,103500.0
4.64,103749.99999999999
4.65,104000.00000000001
4.66,104250.0
4.67,104500.0
4.68,104750.0
4.69,105000.00000000001
4.7,105250.0
4.71,105500.0
4.72,105750.0
4.73,106000.00000000001
4.74,106250.0
4.75,106500.0
4.76,106750.0
4.77,106999.99999999999
4.78,107250.0
4.79,107500.0
4.8,107750.0
4.81,107999.99999999999
4.82,108250.0
4.83,108500.0
4.84,108750.0
4.85,108999.99999999999
4.86,109250.00000000001
4.87,109500.0
4.88,109750.0
4.89,109999.99999999999
4.9,110250.00000000001
4.91,110500.0
4.92,110750.0
4.93,111000.0
4.94,111250.00000000001
4.95,111500.0
4.96,111750.0
4.97,112000.0
4.98,112250.00000000001
4.99,112500.0
5.0,112750.0
5.01,113000.0
5.02,113249.99999999999
5.03,113500.0
5.04,113750.0
5.05,114000.0
5.06,114249.99999999999
5.07,114500.0
5.08,114750.0
5.09,115000.0
5.1,115249.99999999999
5.11,115500.00000000001
5.12,115750.0
5.13,116000.0
5.14,116249.99999999999
5.15,116500.00000000001
5.16,116750.0
5.17,117000.0
5.18,117250.0
5.19,117500.00000000001
5.2,117750.0
5.21,118000.0
5.22,118250.0
5.23,118500.00000000001
5.24,118750.0
5.25,119000.0
5.26,119250.0
5.27,119500.0
5.28,119750.0
5.29,120000.0
5.3,120250.0
5.31,120500.0
5.32,120750.0
5.33,121000.0
5.34,121250.0
5.35,121500.0
5.36,121750.0
5.37,122000.0
5.38,122250.0
5.39,122500.0
5.4,122750.0
5.41,123000.0
5.42,123250.0
5.43,123500.0
5.44,123750.0
5.45,124000.0
5.46,124250.0
5.47,124500.0
5.48,124750.0
5.49,125000.0
5.5,125250.0
5.51,125500.0
5.52,125750.0
5.53,126000.0
5.54,126250.0
5.55,126500.0
5.56,126750.0
5.57,127000.0
5.58,127250.0
5.59,127500.0
5.6,127750.0
5.61,128000.0
5.62,128250.0
5.63,128500.0
5.64,128750.0
5.65,129000.0
5.66,129250.0
5.67,129500.0
5.68,129750.0
5.69,130000.0
5.7,130250.0
5.71,130500.0
5.72,130750.0
5.73,131000.0
5.74,131250.0
5.75,131500.0
5.76,131750.0
5.77,132000.0
5.78,132250.0
5.79,132500.0
5.8,132750.0
5.81,133000.0
5.82,133250.0
5.83,133500.0
5.84,133750.0
5.85,134000.0
5.86,134250.0
5.87,134500.0
5.88,134750.0
5.89,135000.0
5.9,135250.0
5.91,135500.0
5.92,135750.0
5.93,136000.0
5.94,136250.0
5.95,136500.0
5.96,136750.0
5.97,137000.0
5.98,137250.0
5.99,137500.0
6.0,137750.0
6.01,138000.0
6.02,138250.0
6.03,138500.0
6.04,138750.0
6.05,139000.0
6.06,139250.0
6.07,139500.0
6.08,139750.0
6.09,140000.0
6.1,140250.0
6.11,140500.0
6.12,140750.0
6.13,141000.0
6.14,141250.0
6.15,141500.0
6.16,141750.0
6.17,142000.0
6.18,142250.0
6.19,142500.0
6.2,142750.0
6.21,143000.0
6.22,143250.0
6.23,143500.0
6.24,143750.0
6.25,144000.0
6.26,144250.0
6.27,144500.0
6.28,144750.0
6.29,145000.0
6.3,145250.0
6.31,145500.0
6.32,145750.0
6.33,146000.0
6.34,146250.0
6.35,146500.0
6.36,146750.0
6.37,147000.0
6.38,147250.0
6.39,147500.0
6.4,147750.0
6.41,148000.0
6.42,148250.0
6.43,148500.0
6.44,148750.0
6.45,149000.0
6.46,149250.0
6.47,149500.0
6.48,149750.0
6.49,150000.0
6.5,150250.0
6.51,150500.0
6.52,150750.0
6.53,151000.0
6.54,151250.0
6.55,151500.0
6.56,151750.0
6.57,152000.0
6.58,152250.0
6.59,152500.0
6.6,152750.0
6.61,153000.0
6.62,153250.0
6.63,153500.0
6.64,153750.0
6.65,154000.0
6.66,154250.0
6.67,154500.0
6.68,154750.0
6.69,155000.0
6.7,155250.0
6.71,155500.0
6.72,155750.0
6.73,156000.0
6.74,156250.0
6.75,156500.0
6.76,156750.0
6.77,157000.0
6.78,157250.0
6.79,157500.0
6.8,157750.0
6.81,158000.0
6.82,158250.0
6.83,158500.0
6.84,158750.0
6.85,159000.0
6.86,159250.0
6.87,159500.0
6.88,159750.0
6.89,160000.0
6.9,160250.0
6.91,160500.0
6.92,160750.0
6.93,161000.0
6.94,161250.0
6.95,161500.0
6.96,161750.0
6.97,162000.0
6.98,162250.0
6.99,162500.0
7.0,162750.0
7.01,163000.0
7.02,163250.0
7.03,163500.0
7.04,163750.0
7.05,164000.0
7.06,164250.0
7.07,164500.0
7.08,164750.0
7.09,165000.0
7.1,165250.0
7.11,165500.0
7.12,165750.0
7.13,166000.0
7.14,166250.0
7.15,166500.0
7.16,166750.0
7.17,167000.0
7.18,167250.0
7.19,167500.0
7.2,167750.0
7.21,168000.0
7.22,168250.0
7.23,168500.0
7.24,168750.0
7.25,169000.0
7.26,169250.0
7.27,169500.0
7.28,169750.0
7.29,170000.0
7.3,170250.0
7.31,170500.0
7.32,170750.0
7.33,171000.0
7.34,171250.0
7.35,171500.0
7.36,171750.0
7.37,172000.0
7.38,172250.0
7.39,172500.0
7.4,172750.0
7.41,173000.0
7.42,173250.0
7.43,173500.0
7.44,173750.0
7.45,174000.0
7.46,174250.0
7.47,174500.0
7.48,174750.0
7.49,175000.0
7.5,175250.0
7.51,175500.0
7.52,175750.0
7.53,176000.0
7.54,176250.0
7.55,176500.0
7.56,176750.0
7.57,177000.0
7.58,177250.0
7.59,177500.0
7.6,177750.0
7.61,178000.0
7.62,178250.0
7.63,178500.0
7.64,178750.0
7.65,179000.0
7.66,179250.0
7.67,179500.0
7.68,179750.0
7.69,180000.0
7.7,180250.0
7.71,180500.0
7.72,180750.0
7.73,181000.0
7.74,181250.0
7.75,181500.0
7.76,181750.0
7.77,182000.0
7.78,182250.0
7.79,182500.0
7.8,182750.0
7.81,183000.0
7.82,183250.0
7.83,183500.0
7.84,183750.0
7.85,184000.0
7.86,184250.0
7.87,184500.0
7.88,184750.0
7.89,185000.0
7.9,185250.0
7.91,185500.0
7.92,185750.0
7.93,186000.0
7.94,186250.0
7.95,186500.0
7.96,186750.0
7.97,187000.0
7.98,187250.0
7.99,187500.0
8.0,187750.0
8.01,188000.0
8.02,188250.0
8.03,188499.99999999997
8.04,188749.99999999997
8.05,189000.00000000003
8.06,189250.0
8.07,189500.0
8.08,189750.0
8.09,190000.0
8.1,190250.0
8.11,190500.0
8.12,190749.99999999997
8.13,191000.00000000003
8.14,191250.0
8.15,191500.0
8.16,191750.0
8.17,192000.0
8.18,192250.0
8.19,192500.0
8.2,192749.99999999997
8.21,193000.00000000003
8.22,193250.00000000003
8.23,193500.0
8.24,193750.0
8.25,194000.0
8.26,194250.0
8.27,194500.0
8.28,194749.99999999997
8.29,194999.99999999997
8.3,195250.00000000003
8.31,195500.0
8.32,195750.0
8.33,196000.0
8.34,196250.0
8.35,196500.0
8.36,196750.0
8.37,196999.99999999997
8.38,197250.00000000003
8.39,197500.0
8.4,197750.0
8.41,198000.0
8.42,198250.0
8.43,198500.0
8.44,198750.0
8.45,198999.99999999997
8.46,199250.00000000003
8.47,199500.00000000003
8.48,199750.0
8.49,200000.0
8.5,200250.0
8.51,200500.0
8.52,200750.0
8.53,200999.99999999997
8.54,201249.99999999997
8.55,201500.00000000003
8.56,201750.0
8.57,202000.0
8.58,202250.0
8.59,202500.0
8.6,202750.0
8.61,203000.0
8.62,203249.99999999997
8.63,203500.00000000003
8.64,203750.0
8.65,204000.0
8.66,204250.0
8.67,204500.0
8.68,204750.0
8.69,205000.0
8.7,205249.99999999997
8.71,205500.00000000003
8.72,205750.00000000003
8.73,206000.0
8.74,206250.0
8.75,206500.0
8.76,206750.0
8.77,207000.0
8.78,207249.99999999997
8.79,207499.99999999997
8.8,207750.00000000003
8.81,208000.0
8.82,208250.0
8.83,208500.0
8.84,208750.0
8.85,209000.0
8.86,209250.0
8.87,209499.99999999997
8.88,209750.00000000003
8.89,210000.0
8.9,210250.0
8.91,210500.0
8.92,210750.0
8.93,211000.0
8.94,211250.0
8.95,211499.99999999997
8.96,211750.00000000003
8.97,212000.00000000003
8.98,212250.0
8.99,212500.0
9.0,212750.0
9.01,213000.0
9.02,213250.0
9.03,213499.99999999997
9.04,213749.99999999997
9.05,214000.00000000003
9.06,214250.0
9.07,214500.0
9.08,214750.0
9.09,215000.0
9.1,215250.0
9.11,215500.0
9.12,215749.99999999997
9.13,216000.00000000003
9.14,216250.0
9.15,216500.0
9.16,216750.0
9.17,217000.0
9.18,217250.0
9.19,217500.0
9.2,217749.99999999997
9.21,218000.00000000003
9.22,218250.00000000003
9.23,218500.0
9.24,218750.0
9.25,219000.0
9.26,219250.0
9.27,219500.0
9.28,219749.99999999997
9.29,219999.99999999997
9.3,220250.00000000003
9.31,220500.0
9.32,220750.0
9.33,221000.0
9.34,221250.0
9.35,221500.0
9.36,221750.0
9.37,221999.99999999997
9.38,222250.00000000003
9.39,222500.0
9.4,222750.0
9.41,223000.0
9.42,223250.0
9.43,223500.0
9.44,223750.0
9.45,223999.99999999997
9.46,224250.00000000003
9.47,224500.00000000003
9.48,224750.0
9.49,225000.0
9.5,225250.0
9.51,225500.0
9.52,225750.0
9.53,225999.99999999997
9.54,226249.99999999997
9.55,226500.00000000003
9.56,226750.0
9.57,227000.0
9.58,227250.0
9.59,227500.0
9.6,227750.0
9.61,228000.0
9.62,228249.99999999997
9.63,228500.00000000003
9.64,228750.0
9.65,229000.0
9.66,229250.0
9.67,229500.0
9.68,229750.0
9.69,230000.0
9.7,230249.99999999997
9.71,230500.00000000003
9.72,230750.00000000003
9.73,231000.0
9.74,231250.0
9.75,231500.0
9.76,231750.0
9.77,232000.0
9.78,232249.99999999997
9.79,232499.99999999997
9.8,232750.00000000003
9.81,233000.0
9.82,233250.0
9.83,233500.0
9.84,233750.0
9.85,234000.0
9.86,234250.0
9.87,234499.99999999997
9.88,234750.00000000003
9.89,235000.0
9.9,235250.0
9.91,235500.0
9.92,235750.0
9.93,236000.0
9.94,236250.0
9.95,236499.99999999997
9.96,236750.00000000003
9.97,237000.00000000003
9.98,237250.0
9.99,237500.0
10.0,237750.0
10.01,238000.0
10.02,238250.0
10.03,238499.99999999997
10.04,238749.99999999997
10.05,239000.00000000003
10.06,239250.0
10.07,239500.0
10.08,239750.0
10.09,240000.0
10.1,240250.0
10.11,240500.0
10.12,240749.99999999997
10.13,241000.00000000003
10.14,241250.0
10.15,241500.0
10.16,241750.0
10.17,242000.0
10.18,242250.0
10.19,242500.0
10.2,242749.99999999997
10.21,243000.00000000003
10.22,243250.00000000003
10.23,243500.0
10.24,243750.0
10.25,244000.0
10.26,244250.0
10.27,244500.0
10.28,244749.99999999997
10.29,244999.99999999997
10.3,245250.00000000003
10.31,245500.0
10.32,245750.0
10.33,246000.0
10.34,246250.0
10.35,246500.0
10.36,246750.0
10.37,246999.99999999997
10.38,247250.00000000003
10.39,247500.0
10.4,247750.0
10.41,248000.0
10.42,248250.0
10.43,248500.0
10.44,248750.0
10.45,248999.99999999997
10.46,249250.00000000003
10.47,249500.00000000003
10.48,249750.0
10.49,250000.0
10.5,250250.0
10.51,250500.0
10.52,250750.0
10.53,251000.0
10.54,251250.0
10.55,251500.0
10.56,251750.0
10.57,252000.0
10.58,252250.0
10.59,252500.0
10.6,252750.0
10.61,253000.0
10.62,253250.0
10.63,253500.0
10.64,253750.0
10.65,254000.0
10.66,254250.0
10.67,254500.0
10.68,254750.0
10.69,255000.0
10.7,255250.0
10.71,255500.0
10.72,255750.0
10.73,256000.0
10.74,256250.0
10.75,256500.0
10.76,256750.0
10.77,257000.0
10.78,257250.0
10.79,257500.0
10.8,257750.0
10.81,258000.0
10.82,258250.0
10.83,258500.0
10.84,258750.0
10.85,259000.0
10.86,259250.0
10.87,259500.0
10.88,259750.0
10.89,260000.0
10.9,260250.0
10.91,260500.0
10.92,260750.0
10.93,261000.0
10.94,261250.0
10.95,261500.0
10.96,261750.0
10.97,262000.0
10.98,262250.0
10.99,262500.0
11.0,262750.0
11.01,263000.0
11.02,263250.0
11.03,263500.0
11.04,263750.0
11.05,264000.0
11.06,264250.0
11.07,264500.0
11.08,264750.0
11.09,265000.0
11.1,265250.0
11.11,265500.0
11.12,265750.0
11.13,266000.0
11.14,266250.0
11.15,266500.0
11.16,266750.0
11.17,267000.0
11.18,267250.0
11.19,267500.0
11.2,267750.0
11.21,268000.0
11.22,268250.0
11.23,268500.0
11.24,268750.0
11.25,269000.0
11.26,269250.0
11.27,269500.0
11.28,269750.0
11.29,270000.0
11.3,270250.0
11.31,270500.0
11.32,270750.0
11.33,271000.0
11.34,271250.0
11.35,271500.0
11.36,271750.0
11.37,272000.0
11.38,272250.0
11.39,272500.0
11.4,272750.0
11.41,273000.0
11.42,273250.0
11.43,273500.0
11.44,273750.0
11.45,274000.0
11.46,274250.0
11.47,274500.0
11.48,274750.0
11.49,275000.0
11.5,275250.0
11.51,275500.0
11.52,275750.0
11.53,276000.0
11.54,276250.0
11.55,276500.0
11.56,276750.0
11.57,277000.0
11.58,277250.0
11.59,277500.0
11.6,277750.0
11.61,278000.0
11.62,278250.0
11.63,278500.0
11.64,278750.0
11.65,279000.0
11.66,279250.0
11.67,279500.0
11.68,279750.0
11.69,280000.0
11.7,280250.0
11.71,280500.0
11.72,280750.0
11.73,281000.0
11.74,281250.0
11.75,281500.0
11.76,281750.0
11.77,282000.0
11.78,282250.0
11.79,282500.0
11.8,282750.0
11.81,283000.0
11.82,283250.0
11.83,283500.0
11.84,283750.0
11.85,284000.0
11.86,284250.0
11.87,284500.0
11.88,284750.0
11.89,285000.0
11.9,285250.0
11.91,285500.0
11.92,285750.0
11.93,286000.0
11.94,286250.0
11.95,286500.0
11.96,286750.0
11.97,287000.0
11.98,287250.0
11.99,287500.0
12.0,287750.0
12.01,288000.0
12.02,288250.0
12.03,288500.0
12.04,288750.0
12.05,289000.0
12.06,289250.0
12.07,289500.0
12.08,289750.0
12.09,290000.0
12.1,290250.0
12.11,290500.0
12.12,290750.0
12.13,291000.0
12.14,291250.0
12.15,291500.0
12.16,291750.0
12.17,292000.0
12.18,292250.0
12.19,292500.0
12.2,292750.0
12.21,293000.0
12.22,293250.0
12.23,293500.0
12.24,293750.0
12.25,294000.0
12.26,294250.0
12.27,294500.0
12.28,294750.0
12.29,295000.0
12.3,295250.0
12.31,295500.0
12.32,295750.0
12.33,296000.0
12.34,296250.0
12.35,296500.0
12.36,296750.0
12.37,297000.0
12.38,297250.0
12.39,297500.0
12.4,297750.0
12.41,298000.0
12.42,298250.0
12.43,298500.0
12.44,298750.0
12.45,299000.0
12.46,299250.0
12.47,299500.0
12.48,299750.0
12.49,300000.0
12.5,300250.0
12.51,300500.0
12.52,300750.0
12.53,301000.0
12.54,301250.0
12.55,301500.0
12.56,301750.0
12.57,302000.0
12.58,302250.0
12.59,302500.0
12.6,302750.0
12.61,303000.0
12.62,303250.0
12.63,303500.0
12.64,303750.0
12.65,304000.0
12.66,304250.0
12.67,304500.0
12.68,304750.0
12.69,305000.0
12.7,305250.0
12.71,305500.0
12.72,305750.0
12.73,306000.0
12.74,306250.0
12.75,306500.0
12.76,306750.0
12.77,307000.0
12.78,307250.0
12.79,307500.0
12.8,307750.0
12.81,308000.0
12.82,308250.0
12.83,308500.0
12.84,308750.0
12.85,309000.0
12.86,309250.0
12.87,309500.0
12.88,309750.0
12.89,310000.0
12.9,310250.0
12.91,310500.0
12.92,310750.0
12.93,311000.0
12.94,311250.0
12.95,311500.0
12.96,311750.0
12.97,312000.0
12.98,312250.0
12.99,312500.0
13.0,312750.0
13.01,313000.0
13.02,313250.0
13.03,313500.0
13.04,313750.0
13.05,314000.0
13.06,314250.0
13.07,314500.0
13.08,314750.0
13.09,315000.0
13.1,315250.0
13.11,315500.0
13.12,315750.0
13.13,316000.0
13.14,316250.0
13.15,316500.0
13.16,316750.0
13.17,317000.0
13.18,317250.0
13.19,317500.0
13.2,317750.0
13.21,318000.0
13.22,318250.0
13.23,318500.0
13.24,318750.0
13.25,319000.0
13.26,319250.0
13.27,319500.0
13.28,319750.0
13.29,320000.0
13.3,320250.0
13.31,320500.0
13.32,320750.0
13.33,321000.0
13.34,321250.0
13.35,321500.0
13.36,321750.0
13.37,322000.0
13.38,322250.0
13.39,322500.0
13.4,322750.0
13.41,323000.0
13.42,323250.0
13.43,323500.0
13.44,323750.0
13.45,324000.0
13.46,324250.0
13.47,324500.0
13.48,324750.0
13.49,325000.0
13.5,325250.0
13.51,325500.0
13.52,325750.0
13.53,326000.0
13.54,326250.0
13.55,326500.0
13.56,326750.0
13.57,327000.0
13.58,327250.0
13.59,327500.0
13.6,327750.0
13.61,328000.0
13.62,328250.0
13.63,328500.0
13.64,328750.0
13.65,329000.0
13.66,329250.0
13.67,329500.0
13.68,329750.0
13.69,330000.0
13.7,330250.0
13.71,330500.0
13.72,330750.0
13.73,331000.0
13.74,331250.0
13.75,331500.0
13.76,331750.0
13.77,332000.0
13.78,332250.0
13.79,332500.0
13.8,332750.0
13.81,333000.0
13.82,333250.0
13.83,333500.0
13.84,333750.0
13.85,334000.0
13.86,334250.0
13.87,334500.0
13.88,334750.0
13.89,335000.0
13.9,335250.0
13.91,335500.0
13.92,335750.0
13.93,336000.0
13.94,336250.0
13.95,336500.0
13.96,336750.0
13.97,337000.0
13.98,337250.0
13.99,337500.0
14.0,337750.0
14.01,338000.0
14.02,338250.0
14.03,338500.0
14.04,338750.0
14.05,339000.0
14.06,339250.0
14.07,339500.0
14.08,339750.0
14.09,340000.0
14.1,340250.0
14.11,340500.0
14.12,340750.0
14.13,341000.0
14.14,341250.0
14.15,341500.0
14.16,341750.0
14.17,342000.0
14.18,342250.0
14.19,342500.0
14.2,342750.0
14.21,343000.0
14.22,343250.0
14.23,343500.0
14.24,343750.0
14.25,344000.0
14.26,344250.0
14.27,344500.0
14.28,344750.0
14.29,345000.0
14.3,345250.0
14.31,345500.0
14.32,345750.0
14.33,346000.0
14.34,346250.0
14.35,346500.0
14.36,346750.0
14.37,347000.0
14.38,347250.0
14.39,347500.0
14.4,347750.0
14.41,348000.0
14.42,348250.0
14.43,348500.0
14.44,348750.0
14.45,349000.0
14.46,349250.0
14.47,349500.0
14.48,349750.0
14.49,350000.0
14.5,350250.0
14.51,350500.0
14.52,350750.0
14.53,351000.0
14.54,351250.0
14.55,351500.0
14.56,351750.0
14.57,352000.0
14.58,352250.0
14.59,352500.0
14.6,352750.0
14.61,353000.0
14.62,353250.0
14.63,353500.0
14.64,353750.0
14.65,354000.0
14.66,354250.0
14.67,354500.0
14.68,354750.0
14.69,355000.0
14.7,355250.0
14.71,355500.0
14.72,355750.0
14.73,356000.0
14.74,356250.0
14.75,356500.0
14.76,356750.0
14.77,357000.0
14.78,357250.0
14.79,357500.0
14.8,357750.0
14.81,358000.0
14.82,358250.0
14.83,358500.0
14.84,358750.0
14.85,359000.0
14.86,359250.0
14.87,359500.0
14.88,359750.0
14.89,360000.0
14.9,360250.0
14.91,360500.0
14.92,360750.0
14.93,361000.0
14.94,361250.0
14.95,361500.0
14.96,361750.0
14.97,362000.0
14.98,362250.0
14.99,362500.0
15.0,362750.0
15.01,363000.0
15.02,363250.0
15.03,363500.0
15.04,363750.0
15.05,364000.0
15.06,364250.0
15.07,364500.0
15.08,364750.0
15.09,365000.0
15.1,365250.0
15.11,365500.0
15.12,365750.0
15.13,366000.0
15.14,366250.0
15.15,366500.0
15.16,366750.0
15.17,367000.0
15.18,367250.0
15.19,367500.0
15.2,367750.0
15.21,368000.0
15.22,368250.0
15.23,368500.0
15.24,368750.0
15.25,369000.0
15.26,369250.0
15.27,369500.0
15.28,369750.0
15.29,370000.0
15.3,370250.0
15.31,370500.0
15.32,370750.0
15.33,371000.0
15.34,371250.0
15.35,371500.0
15.36,371750.0
15.37,372000.0
15.38,372250.0
15.39,372500.0
15.4,372750.0
15.41,373000.0
15.42,373250.0
15.43,373500.0
15.44,373750.0
15.45,374000.0
15.46,374250.0
15.47,374500.0
15.48,374750.0
15.49,375000.0
15.5,375250.0
15.51,375500.0
15.52,375750.0
15.53,376000.0
15.54,376250.0
15.55,376500.0
15.56,376750.0
15.57,377000.0
15.58,377250.0
15.59,377500.0
15.6,377750.0
15.61,378000.0
15.62,378250.0
15.63,378500.0
15.64,378750.0
15.65,379000.0
15.66,379250.0
15.67,379500.0
15.68,379750.0
15.69,380000.0
15.7,380250.0
15.71,380500.0
15.72,380750.0
15.73,381000.0
15.74,381250.0
15.75,381500.0
15.76,381750.0
15.77,382000.0
15.78,382250.0
15.79,382500.0
15.8,382750.0
15.81,383000.0
15.82,383250.0
15.83,383500.0
15.84,383750.0
15.85,384000.0
15.86,384250.0
15.87,384500.0
15.88,384750.0
15.89,385000.0
15.9,385250.0
15.91,385500.0
15.92,385750.0
15.93,386000.0
15.94,386250.0
15.95,386500.0
15.96,386750.0
15.97,387000.0
15.98,387250.0
15.99,387500.0
16.0,387750.0
16.01,388000.00000000006
16.02,388250.0
16.03,388500.0
16.04,388750.0
16.05,389000.0
16.06,389249.99999999994
16.07,389500.0
16.08,389749.99999999994
16.09,390000.0
16.1,390250.00000000006
16.11,390500.0
16.12,390750.0
16.13,391000.0
16.14,391250.0
16.15,391499.99999999994
16.16,391750.0
16.17,392000.00000000006
16.18,392250.0
16.19,392500.00000000006
16.2,392750.0
16.21,393000.0
16.22,393250.0
16.23,393500.0
16.24,393749.99999999994
16.25,394000.0
16.26,394250.00000000006
16.27,394500.0
16.28,394750.0
16.29,395000.0
16.3,395250.0
16.31,395499.99999999994
16.32,395750.0
16.33,395999.99999999994
16.34,396250.0
16.35,396500.00000000006
16.36,396750.0
16.37,397000.0
16.38,397250.0
16.39,397500.0
16.4,397749.99999999994
16.41,398000.0
16.42,398250.00000000006
16.43,398500.0
16.44,398750.00000000006
16.45,399000.0
16.46,399250.0
16.47,399500.0
16.48,399750.0
16.49,399999.99999999994
16.5,400250.0
16.51,400500.00000000006
16.52,400750.0
16.53,401000.0
16.54,401250.0
16.55,401500.0
16.56,401749.99999999994
16.57,402000.0
16.58,402249.99999999994
16.59,402500.0
16.6,402750.00000000006
16.61,403000.0
16.62,403250.0
16.63,403500.0
16.64,403750.0
16.65,403999.99999999994
16.66,404250.0
16.67,404500.00000000006
16.68,404750.0
16.69,405000.00000000006
16.7,405250.0
16.71,405500.0
16.72,405750.0
16.73,406000.0
16.74,406249.99999999994
16.75,406500.0
16.76,406750.00000000006
16.77,407000.0
16.78,407250.0
16.79,407500.0
16.8,407750.0
16.81,407999.99999999994
16.82,408250.0
16.83,408499.99999999994
16.84,408750.0
16.85,409000.00000000006
16.86,409250.0
16.87,409500.0
16.88,409750.0
16.89,410000.0
16.9,410249.99999999994
16.91,410500.0
16.92,410750.00000000006
16.93,411000.0
16.94,411250.00000000006
16.95,411500.0
16.96,411750.0
16.97,412000.0
16.98,412250.0
16.99,412499.99999999994
17.0,412750.0
17.01,413000.00000000006
17.02,413250.0
17.03,413500.0
17.04,413750.0
17.05,414000.0
17.06,414249.99999999994
17.07,414500.0
17.08,414749.99999999994
17.09,415000.0
17.1,415250.00000000006
17.11,415500.0
17.12,415750.0
17.13,416000.0
17.14,416250.0
17.15,416499.99999999994
17.16,416750.0
17.17,417000.00000000006
17.18,417250.0
17.19,417500.00000000006
17.2,417750.0
17.21,418000.0
17.22,418250.0
17.23,418500.0
17.24,418749.99999999994
17.25,419000.0
17.26,419250.00000000006
17.27,419500.0
17.28,419750.0
17.29,420000.0
17.3,420250.0
17.31,420499.99999999994
17.32,420750.0
17.33,420999.99999999994
17.34,421250.0
17.35,421500.00000000006
17.36,421750.0
17.37,422000.0
17.38,422250.0
17.39,422500.0
17.4,422749.99999999994
17.41,423000.0
17.42,423250.00000000006
17.43,423500.0
17.44,423750.00000000006
17.45,424000.0
17.46,424250.0
17.47,424500.0
17.48,424750.0
17.49,424999.99999999994
17.5,425250.0
17.51,425500.00000000006
17.52,425750.0
17.53,426000.0
17.54,426250.0
17.55,426500.0
17.56,426749.99999999994
17.57,427000.0
17.58,427249.99999999994
17.59,427500.0
17.6,427750.00000000006
17.61,428000.0
17.62,428250.0
17.63,428500.0
17.64,428750.0
17.65,428999.99999999994
17.66,429250.0
17.67,429500.00000000006
17.68,429750.0
17.69,430000.00000000006
17.7,430250.0
17.71,430500.0
17.72,430750.0
17.73,431000.0
17.74,431249.99999999994
17.75,431500.0
17.76,431750.00000000006
17.77,432000.0
17.78,432250.0
17.79,432500.0
17.8,432750.0
17.81,432999.99999999994
17.82,433250.0
17.83,433499.99999999994
17.84,433750.0
17.85,434000.00000000006
17.86,434250.0
17.87,434500.0
17.88,434750.0
17.89,435000.0
17.9,435249.99999999994
17.91,435500.0
17.92,435750.00000000006
17.93,436000.0
17.94,436250.00000000006
17.95,436500.0
17.96,436750.0
17.97,437000.0
17.98,437250.0
17.99,437499.99999999994
18.0,437750.0
18.01,438000.00000000006
18.02,438250.0
18.03,438500.0
18.04,438750.0
18.05,439000.0
18.06,439249.99999999994
18.07,439500.0
18.08,439749.99999999994
18.09,440000.0
18.1,440250.00000000006
18.11,440500.0
18.12,440750.0
18.13,441000.0
18.14,441250.0
18.15,441499.99999999994
18.16,441750.0
18.17,442000.00000000006
18.18,442250.0
18.19,442500.00000000006
18.2,442750.0
18.21,443000.0
18.22,443250.0
18.23,443500.0
18.24,443749.99999999994
18.25,444000.0
18.26,444250.00000000006
18.27,444500.0
18.28,444750.0
18.29,445000.0
18.3,445250.0
18.31,445499.99999999994
18.32,445750.0
18.33,445999.99999999994
18.34,446250.0
18.35,446500.00000000006
18.36,446750.0
18.37,447000.0
18.38,447250.0
18.39,447500.0
18.4,447749.99999999994
18.41,448000.0
18.42,448250.00000000006
18.43,448500.0
18.44,448750.00000000006
18.45,449000.0
18.46,449250.0
18.47,449500.0
18.48,449750.0
18.49,449999.99999999994
18.5,450250.0
18.51,450500.00000000006
18.52,450750.0
18.53,451000.0
18.54,451250.0
18.55,451500.0
18.56,451749.99999999994
18.57,452000.0
18.58,452249.99999999994
18.59,452500.0
18.6,452750.00000000006
18.61,453000.0
18.62,453250.0
18.63,453500.0
18.64,453750.0
18.65,453999.99999999994
18.66,454250.0
18.67,454500.00000000006
18.68,454750.0
18.69,455000.00000000006
18.7,455250.0
18.71,455500.0
18.72,455750.0
18.73,456000.0
18.74,456249.99999999994
18.75,456500.0
18.76,456750.00000000006
18.77,457000.0
18.78,457250.0
18.79,457500.0
18.8,457750.0
18.81,457999.99999999994
18.82,458250.0
18.83,458499.99999999994
18.84,458750.0
18.85,459000.00000000006
18.86,459250.0
18.87,459500.0
18.88,459750.0
18.89,460000.0
18.9,460249.99999999994
18.91,460500.0
18.92,460750.00000000006
18.93,461000.0
18.94,461250.00000000006
18.95,461500.0
18.96,461750.0
18.97,462000.0
18.98,462250.0
18.99,462499.99999999994
19.0,462750.0
19.01,463000.00000000006
19.02,463250.0
19.03,463500.0
19.04,463750.0
19.05,464000.0
19.06,464249.99999999994
19.07,464500.0
19.08,464749.99999999994
19.09,465000.0
19.1,465250.00000000006
19.11,465500.0
19.12,465750.0
19.13,466000.0
19.14,466250.0
19.15,466499.99999999994
19.16,466750.0
19.17,467000.00000000006
19.18,467250.0
19.19,467500.00000000006
19.2,467750.0
19.21,468000.0
19.22,468250.0
19.23,468500.0
19.24,468749.99999999994
19.25,469000.0
19.26,469250.00000000006
19.27,469500.0
19.28,469750.0
19.29,470000.0
19.3,470250.0
19.31,470499.99999999994
19.32,470750.0
19.33,470999.99999999994
19.34,471250.0
19.35,471500.00000000006
19.36,471750.0
19.37,472000.0
19.38,472250.0
19.39,472500.0
19.4,472749.99999999994
19.41,473000.0
19.42,473250.00000000006
19.43,473500.0
19.44,473750.00000000006
19.45,474000.0
19.46,474250.0
19.47,474500.0
19.48,474750.0
19.49,474999.99999999994
19.5,475250.0
19.51,475500.00000000006
19.52,475750.0
19.53,476000.0
19.54,476250.0
19.55,476500.0
19.56,476749.99999999994
19.57,477000.0
19.58,477249.99999999994
19.59,477500.0
19.6,477750.00000000006
19.61,478000.0
19.62,478250.0
19.63,478500.0
19.64,478750.0
19.65,478999.99999999994
19.66,479250.0
19.67,479500.00000000006
19.68,479750.0
19.69,480000.00000000006
19.7,480250.0
19.71,480500.0
19.72,480750.0
19.73,481000.0
19.74,481249.99999999994
19.75,481500.0
19.76,481750.00000000006
19.77,482000.0
19.78,482250.0
19.79,482500.0
19.8,482750.0
19.81,482999.99999999994
19.82,483250.0
19.83,483499.99999999994
19.84,483750.0
19.85,484000.00000000006
19.86,484250.0
19.87,484500.0
19.88,484750.0
19.89,485000.0
19.9,485249.99999999994
19.91,485500.0
19.92,485750.00000000006
19.93,486000.0
19.94,486250.00000000006
19.95,486500.0
19.96,486750.0
19.97,487000.0
19.98,487250.0
19.99,487499.99999999994
20.0,487750.0
20.01,488000.00000000006
20.02,488250.0
20.03,488500.0
20.04,488750.0
20.05,489000.0
20.06,489249.99999999994
20.07,489500.0
20.08,489749.99999999994
20.09,490000.0
20.1,490250.00000000006
20.11,490500.0
20.12,490750.0
20.13,491000.0
20.14,491250.0
20.15,491499.99999999994
20.16,491750.0
20.17,492000.00000000006
20.18,492250.0
20.19,492500.00000000006
20.2,492750.0
20.21,493000.0
20.22,493250.0
20.23,493500.0
20.24,493749.99999999994
20.25,494000.0
20.26,494250.00000000006
20.27,494500.0
20.28,494750.0
20.29,495000.0
20.3,495250.0
20.31,495499.99999999994
20.32,495750.0
20.33,495999.99999999994
20.34,496250.0
20.35,496500.00000000006
20.36,496750.0
20.37,497000.0
20.38,497250.0
20.39,497500.0
20.4,497749.99999999994
20.41,498000.0
20.42,498250.00000000006
20.43,498500.0
20.44,498750.00000000006
20.45,499000.0
20.46,499250.0
20.47,499500.0
20.48,499750.0
20.49,499999.99999999994
20.5,500250.0
20.51,500500.00000000006
20.52,500750.0
20.53,501000.0
20.54,501250.0
20.55,501500.0
20.56,501749.99999999994
20.57,502000.0
20.58,502249.99999999994
20.59,502500.0
20.6,502750.00000000006
20.61,503000.0
20.62,503250.0
20.63,503500.0
20.64,503750.0
20.65,503999.99999999994
20.66,504250.0
20.67,504500.00000000006
20.68,504750.0
20.69,505000.00000000006
20.7,505250.0
20.71,505500.0
20.72,505750.0
20.73,506000.0
20.74,506249.99999999994
20.75,506500.0
20.76,506750.00000000006
20.77,507000.0
20.78,507250.0
20.79,507500.0
20.8,507750.0
20.81,507999.99999999994
20.82,508250.0
20.83,508499.99999999994
20.84,508750.0
20.85,509000.00000000006
20.86,509250.0
20.87,509500.0
20.88,509750.0
20.89,510000.0
20.9,510249.99999999994
20.91,510500.0
20.92,510750.00000000006
20.93,511000.0
20.94,511250.00000000006
20.95,511500.0
20.96,511750.0
20.97,512000.0
20.98,512250.0
20.99,512500.0
21.0,512750.0
21.01,513000.0
21.02,513250.0
21.03,513500.0
21.04,513750.0
21.05,514000.0
21.06,514250.0
21.07,514500.0
21.08,514750.0
21.09,515000.0
21.1,515250.0
21.11,515500.0
21.12,515750.0
21.13,516000.0
21.14,516250.0
21.15,516500.0
21.16,516750.0
21.17,517000.0
21.18,517250.0
21.19,517500.0
21.2,517750.0
21.21,518000.0
21.22,518250.0
21.23,518500.0
21.24,518750.0
21.25,519000.0
21.26,519250.0
21.27,519500.0
21.28,519750.0
21.29,520000.0
21.3,520250.0
21.31,520500.0
21.32,520750.0
21.33,521000.0
21.34,521250.0
21.35,521500.0
21.36,521750.0
21.37,522000.0
21.38,522250.0
21.39,522500.0
21.4,522750.0
21.41,523000.0
21.42,523250.0
21.43,523500.0
21.44,523750.0
21.45,524000.0
21.46,524250.0
21.47,524500.0
21.48,524750.0
21.49,525000.0
21.5,525250.0
21.51,525500.0
21.52,525750.0
21.53,526000.0
21.54,526250.0
21.55,526500.0
21.56,526750.0
21.57,527000.0
21.58,527250.0
21.59,527500.0
21.6,527750.0
21.61,528000.0
21.62,528250.0
21.63,528500.0
21.64,528750.0
21.65,529000.0
21.66,529250.0
21.67,529500.0
21.68,529750.0
21.69,530000.0
21.7,530250.0
21.71,530500.0
21.72,530750.0
21.73,531000.0
21.74,531250.0
21.75,531500.0
21.76,531750.0
21.77,532000.0
21.78,532250.0
21.79,532500.0
21.8,532750.0
21.81,533000.0
21.82,533250.0
21.83,533500.0
21.84,533750.0
21.85,534000.0
21.86,534250.0
21.87,534500.0
21.88,534750.0
21.89,535000.0
21.9,535250.0
21.91,535500.0
21.92,535750.0
21.93,536000.0
21.94,536250.0
21.95,536500.0
21.96,536750.0
21.97,537000.0
21.98,537250.0
21.99,537500.0
22.0,537750.0
22.01,538000.0
22.02,538250.0
22.03,538500.0
22.04,538750.0
22.05,539000.0
22.06,539250.0
22.07,539500.0
22.08,539750.0
22.09,540000.0
22.1,540250.0
22.11,540500.0
22.12,540750.0
22.13,541000.0
22.14,541250.0
22.15,541500.0
22.16,541750.0
22.17,542000.0
22.18,542250.0
22.19,542500.0
22.2,542750.0
22.21,543000.0
22.22,543250.0
22.23,543500.0
22.24,543750.0
22.25,544000.0
22.26,544250.0
22.27,544500.0
22.28,544750.0
22.29,545000.0
22.3,545250.0
22.31,545500.0
22.32,545750.0
22.33,546000.0
22.34,546250.0
22.35,546500.0
22.36,546750.0
22.37,547000.0
22.38,547250.0
22.39,547500.0
22.4,547750.0
22.41,548000.0
22.42,548250.0
22.43,548500.0
22.44,548750.0
22.45,549000.0
22.46,549250.0
22.47,549500.0
22.48,549750.0
22.49,550000.0
22.5,550250.0
22.51,550500.0
22.52,550750.0
22.53,551000.0
22.54,551250.0
22.55,551500.0
22.56,551750.0
22.57,552000.0
22.58,552250.0
22.59,552500.0
22.6,552750.0
22.61,553000.0
22.62,553250.0
22.63,553500.0
22.64,553750.0
22.65,554000.0
22.66,554250.0
22.67,554500.0
22.68,554750.0
22.69,555000.0
22.7,555250.0
22.71,555500.0
22.72,555750.0
22.73,556000.0
22.74,556250.0
22.75,556500.0
22.76,556750.0
22.77,557000.0
22.78,557250.0
22.79,557500.0
22.8,557750.0
22.81,558000.0
22.82,558250.0
22.83,558500.0
22.84,558750.0
22.85,559000.0
22.86,559250.0
22.87,559500.0
22.88,559750.0
22.89,560000.0
22.9,560250.0
22.91,560500.0
22.92,560750.0
22.93,561000.0
22.94,561250.0
22.95,561500.0
22.96,561750.0
22.97,562000.0
22.98,562250.0
22.99,562500.0
23.0,562750.0
23.01,563000.0
23.02,563250.0
23.03,563500.0
23.04,563750.0
23.05,564000.0
23.06,564250.0
23.07,564500.0
23.08,564750.0
23.09,565000.0
23.1,565250.0
23.11,565500.0
23.12,565750.0
23.13,566000.0
23.14,566250.0
23.15,566500.0
23.16,566750.0
23.17,567000.0
23.18,567250.0
23.19,567500.0
23.2,567750.0
23.21,568000.0
23.22,568250.0
23.23,568500.0
23.24,568750.0
23.25,569000.0
23.26,569250.0
23.27,569500.0
23.28,569750.0
23.29,570000.0
23.3,570250.0
23.31,570500.0
23.32,570750.0
23.33,571000.0
23.34,571250.0
23.35,571500.0
23.36,571750.0
23.37,572000.0
23.38,572250.0
23.39,572500.0
23.4,572750.0
23.41,573000.0
23.42,573250.0
23.43,573500.0
23.44,573750.0
23.45,574000.0
23.46,574250.0
23.47,574500.0
23.48,574750.0
23.49,575000.0
23.5,575250.0
23.51,575500.0
23.52,575750.0
23.53,576000.0
23.54,576250.0
23.55,576500.0
23.56,576750.0
23.57,577000.0
23.58,577250.0
23.59,577500.0
23.6,577750.0
23.61,578000.0
23.62,578250.0
23.63,578500.0
23.64,578750.0
23.65,579000.0
23.66,579250.0
23.67,579500.0
23.68,579750.0
23.69,580000.0
23.7,580250.0
23.71,580500.0
23.72,580750.0
23.73,581000.0
23.74,581250.0
23.75,581500.0
23.76,581750.0
23.77,582000.0
23.78,582250.0
23.79,582500.0
23.8,582750.0
23.81,583000.0
23.82,583250.0
23.83,583500.0
23.84,583750.0
23.85,584000.0
23.86,584250.0
23.87,584500.0
23.88,584750.0
23.89,585000.0
23.9,585250.0
23.91,585500.0
23.92,585750.0
23.93,586000.0
23.94,586250.0
23.95,586500.0
23.96,586750.0
23.97,587000.0
23.98,587250.0
23.99,587500.0
24.0,587750.0
24.01,588000.0
24.02,588250.0
24.03,588500.0
24.04,588750.0
24.05,589000.0
24.06,589250.0
24.07,589500.0
24.08,589750.0
24.09,590000.0
24.1,590250.0
24.11,590500.0
24.12,590750.0
24.13,591000.0
24.14,591250.0
24.15,591500.0
24.16,591750.0
24.17,592000.0
24.18,592250.0
24.19,592500.0
24.2,592750.0
24.21,593000.0
24.22,593250.0
24.23,593500.0
24.24,593750.0
24.25,594000.0
24.26,594250.0
24.27,594500.0
24.28,594750.0
24.29,595000.0
24.3,595250.0
24.31,595500.0
24.32,595750.0
24.33,596000.0
24.34,596250.0
24.35,596500.0
24.36,596750.0
24.37,597000.0
24.38,597250.0
24.39,597500.0
24.4,597750.0
24.41,598000.0
24.42,598250.0
24.43,598500.0
24.44,598750.0
24.45,599000.0
24.46,599250.0
24.47,599500.0
24.48,599750.0
24.49,600000.0
24.5,600250.0
24.51,600500.0
24.52,600750.0
24.53,601000.0
24.54,601250.0
24.55,601500.0
24.56,601750.0
24.57,602000.0
24.58,602250.0
24.59,602500.0
24.6,602750.0
24.61,603000.0
24.62,603250.0
24.63,603500.0
24.64,603750.0
24.65,604000.0
24.66,604250.0
24.67,604500.0
24.68,604750.0
24.69,605000.0
24.7,605250.0
24.71,605500.0
24.72,605750.0
24.73,606000.0
24.74,606250.0
24.75,606500.0
24.76,606750.0
24.77,607000.0
24.78,607250.0
24.79,607500.0
24.8,607750.0
24.81,608000.0
24.82,608250.0
24.83,608500.0
24.84,608750.0
24.85,609000.0
24.86,609250.0
24.87,609500.0
24.88,609750.0
24.89,610000.0
24.9,610250.0
24.91,610500.0
24.92,610750.0
24.93,611000.0
24.94,611250.0
24.95,611500.0
24.96,611750.0
24.97,612000.0
24.98,612250.0
24.99,612500.0
25.0,612750.0
25.01,613000.0
25.02,613250.0
25.03,613500.0
25.04,613750.0
25.05,614000.0
25.06,614250.0
25.07,614500.0
25.08,614750.0
25.09,615000.0
25.1,615250.0
25.11,615500.0
25.12,615750.0
25.13,616000.0
25.14,616250.0
25.15,616500.0
25.16,616750.0
25.17,617000.0
25.18,617250.0
25.19,617500.0
25.2,617750.0
25.21,618000.0
25.22,618250.0
25.23,618500.0
25.24,618750.0
25.25,619000.0
25.26,619250.0
25.27,619500.0
25.28,619750.0
25.29,620000.0
25.3,620250.0
25.31,620500.0
25.32,620750.0
25.33,621000.0
25.34,621250.0
25.35,621500.0
25.36,621750.0
25.37,622000.0
25.38,622250.0
25.39,622500.0
25.4,622750.0
25.41,623000.0
25.42,623250.0
25.43,623500.0
25.44,623750.0
25.45,624000.0
25.46,624250.0
25.47,624500.0
25.48,624750.0
25.49,625000.0
25.5,625250.0
25.51,625500.0
25.52,625750.0
25.53,626000.0
25.54,626250.0
25.55,626500.0
25.56,626750.0
25.57,627000.0
25.58,627250.0
25.59,627500.0
25.6,627750.0
25.61,628000.0
25.62,628250.0
25.63,628500.0
25.64,628750.0
25.65,629000.0
25.66,629250.0
25.67,629500.0
25.68,629750.0
25.69,630000.0
25.7,630250.0
25.71,630500.0
25.72,630750.0
25.73,631000.0
25.74,631250.0
25.75,631500.0
25.76,631750.0
25.77,632000.0
25.78,632250.0
25.79,632500.0
25.8,632750.0
25.81,633000.0
25.82,633250.0
25.83,633500.0
25.84,633750.0
25.85,634000.0
25.86,634250.0
25.87,634500.0
25.88,634750.0
25.89,635000.0
25.9,635250.0
25.91,635500.0
25.92,635750.0
25.93,636000.0
25.94,636250.0
25.95,636500.0
25.96,636750.0
25.97,637000.0
25.98,637250.0
25.99,637500.0
26.0,637750.0
26.01,638000.0
26.02,638250.0
26.03,638500.0
26.04,638750.0
26.05,639000.0
26.06,639250.0
26.07,639500.0
26.08,639750.0
26.09,640000.0
26.1,640250.0
26.11,640500.0
26.12,640750.0
26.13,641000.0
26.14,641250.0
26.15,641500.0
26.16,641750.0
26.17,642000.0
26.18,642250.0
26.19,642500.0
26.2,642750.0
26.21,643000.0
26.22,643250.0
26.23,643500.0
26.24,643750.0
26.25,644000.0
26.26,644250.0
26.27,644500.0
26.28,644750.0
26.29,645000.0
26.3,645250.0
26.31,645500.0
26.32,645750.0
26.33,646000.0
26.34,646250.0
26.35,646500.0
26.36,646750.0
26.37,647000.0
26.38,647250.0
26.39,647500.0
26.4,647750.0
26.41,648000.0
26.42,648250.0
26.43,648500.0
26.44,648750.0
26.45,649000.0
26.46,649250.0
26.47,649500.0
26.48,649750.0
26.49,650000.0
26.5,650250.0
26.51,650500.0
26.52,650750.0
26.53,651000.0
26.54,651250.0
26.55,651500.0
26.56,651750.0
26.57,652000.0
26.58,652250.0
26.59,652500.0
26.6,652750.0
26.61,653000.0
26.62,653250.0
26.63,653500.0
26.64,653750.0
26.65,654000.0
26.66,654250.0
26.67,654500.0
26.68,654750.0
26.69,655000.0
26.7,655250.0
26.71,655500.0
26.72,655750.0
26.73,656000.0
26.74,656250.0
26.75,656500.0
26.76,656750.0
26.77,657000.0
26.78,657250.0
26.79,657500.0
26.8,657750.0
26.81,658000.0
26.82,658250.0
26.83,658500.0
26.84,658750.0
26.85,659000.0
26.86,659250.0
26.87,659500.0
26.88,659750.0
26.89,660000.0
26.9,660250.0
26.91,660500.0
26.92,660750.0
26.93,661000.0
26.94,661250.0
26.95,661500.0
26.96,661750.0
26.97,662000.0
26.98,662250.0
26.99,662500.0
27.0,662750.0
27.01,663000.0
27.02,663250.0
27.03,663500.0
27.04,663750.0
27.05,664000.0
27.06,664250.0
27.07,664500.0
27.08,664750.0
27.09,665000.0
27.1,665250.0
27.11,665500.0
27.12,665750.0
27.13,666000.0
27.14,666250.0
27.15,666500.0
27.16,666750.0
27.17,667000.0
27.18,667250.0
27.19,667500.0
27.2,667750.0
27.21,668000.0
27.22,668250.0
27.23,668500.0
27.24,668750.0
27.25,669000.0
27.26,669250.0
27.27,669500.0
27.28,669750.0
27.29,670000.0
27.3,670250.0
27.31,670500.0
27.32,670750.0
27.33,671000.0
27.34,671250.0
27.35,671500.0
27.36,671750.0
27.37,672000.0
27.38,672250.0
27.39,672500.0
27.4,672750.0
27.41,673000.0
27.42,673250.0
27.43,673500.0
27.44,673750.0
27.45,674000.0
27.46,674250.0
27.47,674500.0
27.48,674750.0
27.49,675000.0
27.5,675250.0
27.51,675500.0
27.52,675750.0
27.53,676000.0
27.54,676250.0
27.55,676500.0
27.56,676750.0
27.57,677000.0
27.58,677250.0
27.59,677500.0
27.6,677750.0
27.61,678000.0
27.62,678250.0
27.63,678500.0
27.64,678750.0
27.65,679000.0
27.66,679250.0
27.67,679500.0
27.68,679750.0
27.69,680000.0
27.7,680250.0
27.71,680500.0
27.72,680750.0
27.73,681000.0
27.74,681250.0
27.75,681500.0
27.76,681750.0
27.77,682000.0
27.78,682250.0
27.79,682500.0
27.8,682750.0
27.81,683000.0
27.82,683250.0
27.83,683500.0
27.84,683750.0
27.85,684000.0
27.86,684250.0
27.87,684500.0
27.88,684750.0
27.89,685000.0
27.9,685250.0
27.91,685500.0
27.92,685750.0
27.93,686000.0
27.94,686250.0
27.95,686500.0
27.96,686750.0
27.97,687000.0
27.98,687250.0
27.99,687500.0
28.0,687750.0
28.01,688000.0
28.02,688250.0
28.03,688500.0
28.04,688750.0
28.05,689000.0
28.06,689250.0
28.07,689500.0
28.08,689750.0
28.09,690000.0
28.1,690250.0
28.11,690500.0
28.12,690750.0
28.13,691000.0
28.14,691250.0
28.15,691500.0
28.16,691750.0
28.17,692000.0
28.18,692250.0
28.19,692500.0
28.2,692750.0
28.21,693000.0
28.22,693250.0
28.23,693500.0
28.24,693750.0
28.25,694000.0
28.26,694250.0
28.27,694500.0
28.28,694750.0
28.29,695000.0
28.3,695250.0
28.31,695500.0
28.32,695750.0
28.33,696000.0
28.34,696250.0
28.35,696500.0
28.36,696750.0
28.37,697000.0
28.38,697250.0
28.39,697500.0
28.4,697750.0
28.41,698000.0
28.42,698250.0
28.43,698500.0
28.44,698750.0
28.45,699000.0
28.46,699250.0
28.47,699500.0
28.48,699750.0
28.49,700000.0
28.5,700250.0
28.51,700500.0
28.52,700750.0
28.53,701000.0
28.54,701250.0
28.55,701500.0
28.56,701750.0
28.57,702000.0
28.58,702250.0
28.59,702500.0
28.6,702750.0
28.61,703000.0
28.62,703250.0
28.63,703500.0
28.64,703750.0
28.65,704000.0
28.66,704250.0
28.67,704500.0
28.68,704750.0
28.69,705000.0
28.7,705250.0
28.71,705500.0
28.72,705750.0
28.73,706000.0
28.74,706250.0
28.75,706500.0
28.76,706750.0
28.77,707000.0
28.78,707250.0
28.79,707500.0
28.8,707750.0
28.81,708000.0
28.82,708250.0
28.83,708500.0
28.84,708750.0
28.85,709000.0
28.86,709250.0
28.87,709500.0
28.88,709750.0
28.89,710000.0
28.9,710250.0
28.91,710500.0
28.92,710750.0
28.93,711000.0
28.94,711250.0
28.95,711500.0
28.96,711750.0
28.97,712000.0
28.98,712250.0
28.99,712500.0
29.0,712750.0
29.01,713000.0
29.02,713250.0
29.03,713500.0
29.04,713750.0
29.05,714000.0
29.06,714250.0
29.07,714500.0
29.08,714750.0
29.09,715000.0
29.1,715250.0
29.11,715500.0
29.12,715750.0
29.13,716000.0
29.14,716250.0
29.15,716500.0
29.16,716750.0
29.17,717000.0
29.18,717250.0
29.19,717500.0
29.2,717750.0
29.21,718000.0
29.22,718250.0
29.23,718500.0
29.24,718750.0
29.25,719000.0
29.26,719250.0
29.27,719500.0
29.28,719750.0
29.29,720000.0
29.3,720250.0
29.31,720500.0
29.32,720750.0
29.33,721000.0
29.34,721250.0
29.35,721500.0
29.36,721750.0
29.37,722000.0
29.38,722250.0
29.39,722500.0
29.4,722750.0
29.41,723000.0
29.42,723250.0
29.43,723500.0
29.44,723750.0
29.45,724000.0
29.46,724250.0
29.47,724500.0
29.48,724750.0
29.49,725000.0
29.5,725250.0
29.51,725500.0
29.52,725750.0
29.53,726000.0
29.54,726250.0
29.55,726500.0
29.56,726750.0
29.57,727000.0
29.58,727250.0
29.59,727500.0
29.6,727750.0
29.61,728000.0
29.62,728250.0
29.63,728500.0
29.64,728750.0
29.65,729000.0
29.66,729250.0
29.67,729500.0
29.68,729750.0
29.69,730000.0
29.7,730250.0
29.71,730500.0
29.72,730750.0
29.73,731000.0
29.74,731250.0
29.75,731500.0
29.76,731750.0
29.77,732000.0
29.78,732250.0
29.79,732500.0
29.8,732750.0
29.81,733000.0
29.82,733250.0
29.83,733500.0
29.84,733750.0
29.85,734000.0
29.86,734250.0
29.87,734500.0
29.88,734750.0
29.89,735000.0
29.9,735250.0
29.91,735500.0
29.92,735750.0
29.93,736000.0
29.94,736250.0
29.95,736500.0
29.96,736750.0
29.97,737000.0
29.98,737250.0
29.99,737500.0
30.0,737750.0